task-1


MariaDB [company]> select * from emp where salary = (select Max(salary) from emp);
+-------+-------+-----------+------+------------+--------+------------+--------+
| empno | ename | job       | mgr  | hiredate   | salary | commission | deptno |
+-------+-------+-----------+------+------------+--------+------------+--------+
|  7839 | King  | President | NULL | 2021-07-31 |   6500 |       NULL |     10 |
+-------+-------+-----------+------+------------+--------+------------+--------+
1 row in set (0.004 sec)



----------------------------------------------------------------------



task-2


MariaDB [company]> SELECT * FROM EMP E, DEPT D
    -> WHERE E.DEPTNO = D.DEPTNO AND D.DNAME = 'Sales';
+-------+--------+----------+------+------------+--------+------------+--------+--------+-------+----------+
| empno | ename  | job      | mgr  | hiredate   | salary | commission | deptno | deptno | dname | location |
+-------+--------+----------+------+------------+--------+------------+--------+--------+-------+----------+
|  7499 | Allen  | Salesman | 7566 | 2021-07-31 |   2000 |        500 |     30 |     30 | Sales | Chicago  |
|  7521 | Ward   | Salesman | 7698 | 2021-07-31 |   1650 |        800 |     30 |     30 | Sales | Chicago  |
|  7654 | Martin | Salesman | 7698 | 2021-07-31 |   1650 |       1400 |     30 |     30 | Sales | Chicago  |
|  7698 | Blake  | Manager  | 7839 | 2021-07-31 |   3250 |       NULL |     30 |     30 | Sales | Chicago  |
|  7844 | Turner | Salesman | 7698 | 2021-07-31 |   1900 |          0 |     30 |     30 | Sales | Chicago  |
|  7900 | James  | Clerk    | 7698 | 2021-07-31 |   1350 |       NULL |     30 |     30 | Sales | Chicago  |
+-------+--------+----------+------+------------+--------+------------+--------+--------+-------+----------+
6 rows in set (0.001 sec)




----------------------------------------------------------------------


task-3:

MariaDB [company]> select * from emp where deptno = (select deptno from dept where location = 'New York');
+-------+--------+-----------+------+------------+--------+------------+--------+
| empno | ename  | job       | mgr  | hiredate   | salary | commission | deptno |
+-------+--------+-----------+------+------------+--------+------------+--------+
|  7782 | Clark  | Manager   | 7839 | 2021-07-31 |   2850 |       NULL |     10 |
|  7839 | King   | President | NULL | 2021-07-31 |   6500 |       NULL |     10 |
|  7934 | Miller | Clerk     | 7782 | 2021-07-31 |   1700 |       NULL |     10 |
+-------+--------+-----------+------+------------+--------+------------+--------+
3 rows in set (0.001 sec)




----------------------------------------------------------------------


task-4


MariaDB [company]> select count(*) from emp natural join dept where dname=(select dname from dept where dname='sales');
+----------+
| count(*) |
+----------+
|        6 |
+----------+
1 row in set (0.003 sec)


----------------------------------------------------------------------


task-5

MariaDB [company]> select * from emp where salary > ALL (select salary from emp where deptno = '30');
+-------+-------+-----------+------+------------+--------+------------+--------+
| empno | ename | job       | mgr  | hiredate   | salary | commission | deptno |
+-------+-------+-----------+------+------------+--------+------------+--------+
|  7566 | Jones | Manager   | 7839 | 2021-07-31 |   3375 |       NULL |     20 |
|  7788 | Scott | Analyst   | 7566 | 2021-07-31 |   3500 |       NULL |     20 |
|  7839 | King  | President | NULL | 2021-07-31 |   6500 |       NULL |     10 |
|  7902 | Ford  | Analyst   | 7566 | 2021-07-31 |   3500 |       NULL |     20 |
+-------+-------+-----------+------+------------+--------+------------+--------+
4 rows in set (0.046 sec)



----------------------------------------------------------------------

task-6

MariaDB [company]> select * from emp where salary > Any (select salary from emp where deptno = '30');
+-------+--------+-----------+------+------------+--------+------------+--------+
| empno | ename  | job       | mgr  | hiredate   | salary | commission | deptno |
+-------+--------+-----------+------+------------+--------+------------+--------+
|  7499 | Allen  | Salesman  | 7566 | 2021-07-31 |   2000 |        500 |     30 |
|  7521 | Ward   | Salesman  | 7698 | 2021-07-31 |   1650 |        800 |     30 |
|  7566 | Jones  | Manager   | 7839 | 2021-07-31 |   3375 |       NULL |     20 |
|  7654 | Martin | Salesman  | 7698 | 2021-07-31 |   1650 |       1400 |     30 |
|  7698 | Blake  | Manager   | 7839 | 2021-07-31 |   3250 |       NULL |     30 |
|  7782 | Clark  | Manager   | 7839 | 2021-07-31 |   2850 |       NULL |     10 |
|  7788 | Scott  | Analyst   | 7566 | 2021-07-31 |   3500 |       NULL |     20 |
|  7813 | David  | Clerk     | 7788 | 2021-07-31 |   1500 |       NULL |     20 |
|  7839 | King   | President | NULL | 2021-07-31 |   6500 |       NULL |     10 |
|  7844 | Turner | Salesman  | 7698 | 2021-07-31 |   1900 |          0 |     30 |
|  7876 | Adams  | Clerk     | 7788 | 2021-07-31 |   1500 |       NULL |     20 |
|  7902 | Ford   | Analyst   | 7566 | 2021-07-31 |   3500 |       NULL |     20 |
|  7934 | Miller | Clerk     | 7782 | 2021-07-31 |   1700 |       NULL |     10 |
+-------+--------+-----------+------+------------+--------+------------+--------+
13 rows in set (0.002 sec)



----------------------------------------------------------------------
